#name, A, B, C, D, E, F, G, H, I, J, K, L, M, N, O, P, Q, R, S, T, U, V, W, X, Y, Z, [, \, ], ^, _, `, a, b, c, d
NODE_0000000, 0.006208620317774383, 0.005729476329923931, 0.0063180195304389135, 0.006122241796769401, 0.005921645824013313, 0.006419319539230774, 0.17711861629511585, 0.006255139309794612, 0.005835461406163251, 0.005844269402787785, 0.006114372933205397, 0.006159972532800723, 0.006144328207519892, 0.005879208073809924, 0.006109538418148611, 0.005896521176661713, 0.006084911496479602, 0.006515915495838432, 0.005851726815783617, 0.006679596879152978, 0.006115480530670915, 0.005898295107318141, 0.006637058473109276, 0.42885336924895345, 0.005986718540892217, 0.0058965211766617235, 0.0058517268157835456, 0.006182162502411403, 0.00576819238869863, 0.19247562519915515, 0.0064133897890076876, 0.006323206935553936, 0.006046924522494888, 0.006014866388710373, 0.0061980287719015145, 0.006129531827264053
AF481864/1998/Israel/ISR/D/Eilat/pre-NY/unknown/Bird-other, 0.0, 0.0, 0.0, 0.0, 0.0, 0.0, 0.0, 0.0, 0.0, 0.0, 0.0, 0.0, 0.0, 0.0, 0.0, 0.0, 0.0, 0.0, 0.0, 0.0, 0.0, 0.0, 0.0, 1.0, 0.0, 0.0, 0.0, 0.0, 0.0, 0.0, 0.0, 0.0, 0.0, 0.0, 0.0, 0.0
NODE_0000006, 7.751533687365837e-10, 2.6450631483557094e-10, 7.977579888587624e-10, 5.576407946438167e-10, 4.276462592818734e-10, 1.0981963288725094e-09, 0.469965317805197, 1.7453457772970806e-08, 3.017921883177235e-10, 3.212358879005594e-10, 7.71535953409001e-10, 8.514993458058533e-10, 8.280942999813412e-10, 3.3701908229293616e-10, 7.830759329235632e-10, 3.5354231036190057e-10, 6.503909732607932e-10, 1.3485604638485737e-09, 3.1470227606121633e-10, 1.010837505912401e-09, 6.955880523481608e-10, 3.797153721470469e-10, 2.630621280985983e-09, 2.3452292126900353e-08, 5.125017855703198e-10, 3.5354231036190067e-10, 3.1470227606120925e-10, 3.540780221292504e-09, 2.942570259835356e-10, 0.530034558699612, 1.2088164665207031e-09, 8.275240445556912e-10, 6.160899512199443e-10, 5.096071119104612e-10, 5.8059661061784105e-08, 8.528468106368905e-10
KX547492/2002/USA/NY/Westchester/NY99/unknown/Mosquito-Culex, 0.0, 0.0, 0.0, 0.0, 0.0, 0.0, 0.0, 0.0, 0.0, 0.0, 0.0, 0.0, 0.0, 0.0, 0.0, 0.0, 0.0, 0.0, 0.0, 0.0, 0.0, 0.0, 0.0, 0.0, 0.0, 0.0, 0.0, 0.0, 0.0, 0.9999999999999999, 0.0, 0.0, 0.0, 0.0, 0.0, 0.0
AF260967/1999/USA/NY/New-York/NY99/unknown/Horse, 0.0, 0.0, 0.0, 0.0, 0.0, 0.0, 0.0, 0.0, 0.0, 0.0, 0.0, 0.0, 0.0, 0.0, 0.0, 0.0, 0.0, 0.0, 0.0, 0.0, 0.0, 0.0, 0.0, 0.0, 0.0, 0.0, 0.0, 0.0, 0.0, 1.0, 0.0, 0.0, 0.0, 0.0, 0.0, 0.0
HQ671709/2000/USA/CT/Fairfield/NY99/unknown/Mosquito-Culex, 0.0, 0.0, 0.0, 0.0, 0.0, 0.0, 1.0, 0.0, 0.0, 0.0, 0.0, 0.0, 0.0, 0.0, 0.0, 0.0, 0.0, 0.0, 0.0, 0.0, 0.0, 0.0, 0.0, 0.0, 0.0, 0.0, 0.0, 0.0, 0.0, 0.0, 0.0, 0.0, 0.0, 0.0, 0.0, 0.0
HM488129/2000/USA/CT/New-Haven/NY99/unknown/Mosquito-Culex, 0.0, 0.0, 0.0, 0.0, 0.0, 0.0, 1.0, 0.0, 0.0, 0.0, 0.0, 0.0, 0.0, 0.0, 0.0, 0.0, 0.0, 0.0, 0.0, 0.0, 0.0, 0.0, 0.0, 0.0, 0.0, 0.0, 0.0, 0.0, 0.0, 0.0, 0.0, 0.0, 0.0, 0.0, 0.0, 0.0
HM488125/1999/USA/CT/Fairfield/NY99/unknown/Bird-crow, 0.0, 0.0, 0.0, 0.0, 0.0, 0.0, 1.0, 0.0, 0.0, 0.0, 0.0, 0.0, 0.0, 0.0, 0.0, 0.0, 0.0, 0.0, 0.0, 0.0, 0.0, 0.0, 0.0, 0.0, 0.0, 0.0, 0.0, 0.0, 0.0, 0.0, 0.0, 0.0, 0.0, 0.0, 0.0, 0.0
MH166904/2000/USA/VA/Norfolk/NY99/unknown/Mosquito-unknown, 0.0, 0.0, 0.0, 0.0, 0.0, 0.0, 0.0, 0.0, 0.0, 0.0, 0.0, 0.0, 0.0, 0.0, 0.0, 0.0, 0.0, 0.0, 0.0, 0.0, 0.0, 0.0, 0.0, 0.0, 0.0, 0.0, 0.0, 0.0, 0.0, 0.0, 0.0, 0.0, 0.0, 0.0, 1.0, 0.0
KX547538/2001/USA/NY/Nassau/NY99/unknown/Mosquito-Culex, 0.0, 0.0, 0.0, 0.0, 0.0, 0.0, 0.0, 0.0, 0.0, 0.0, 0.0, 0.0, 0.0, 0.0, 0.0, 0.0, 0.0, 0.0, 0.0, 0.0, 0.0, 0.0, 0.0, 0.0, 0.0, 0.0, 0.0, 0.0, 0.0, 1.0, 0.0, 0.0, 0.0, 0.0, 0.0, 0.0
NODE_0000008, 0.000635186920172456, 0.00048614357283153153, 0.0006481405162920553, 0.0005894628159629703, 0.0005458744705065423, 0.0006987387878765925, 0.4663005585982853, 0.039395776479437754, 0.0005052713975805282, 0.0005117553714535345, 0.0006282956729127231, 0.0006438168899260107, 0.0006393249664764385, 0.0005187457220207794, 0.000629705877769844, 0.0005247348927900327, 0.0006043782658340368, 0.0007362424651840198, 0.0005103328088565069, 0.0006780293954175847, 0.0006136956824052535, 0.0005319589464215527, 0.0008507386166748486, 0.0006662968106216599, 0.0005701204717071902, 0.0005247348927900329, 0.0005103328088565105, 0.0006530453193996503, 0.0004984760384938568, 0.47439352131874757, 0.0006673827854372851, 0.0006419194707914601, 0.0005948344520139127, 0.0005708735895188182, 0.0006395714404517853, 0.0006419814680813612
KJ501344/2002/USA/DC/District-Of-Columbia/NY99/unknown/Bird-crow, 0.0, 0.0, 0.0, 0.0, 0.0, 0.0, 0.0, 0.9999999999999999, 0.0, 0.0, 0.0, 0.0, 0.0, 0.0, 0.0, 0.0, 0.0, 0.0, 0.0, 0.0, 0.0, 0.0, 0.0, 0.0, 0.0, 0.0, 0.0, 0.0, 0.0, 0.0, 0.0, 0.0, 0.0, 0.0, 0.0, 0.0
NODE_0000009, 0.00030565289010059903, 0.00022196256012172282, 0.0003114722893241661, 0.0002792467167107256, 0.00025542051681212805, 0.00033985292885357394, 0.5074195559786542, 0.005730134409878826, 0.00023208745966029435, 0.00023587458260688947, 0.0003019129736944148, 0.00031063233077117567, 0.0003081092719189368, 0.00023961471856958768, 0.00030279000604895517, 0.0002430401498165633, 0.0002881881142895563, 0.0003607646725520474, 0.00023492114646179156, 0.00034234614966552595, 0.0002944037525803766, 0.0002473565363098006, 0.00042605999848665117, 0.0003308887782594693, 0.00026907987457754616, 0.00024304014981656438, 0.00023492114646179237, 0.00031789332408651736, 0.0002289230340764423, 0.47731765023934214, 0.0003340685569465233, 0.0003163604559518159, 0.0002833571387472575, 0.0002697094260982989, 0.00031285219198381287, 0.00030985552976318367
KX547210/2001/USA/NY/Nassau/NY99/unknown/Mosquito-Culex, 0.0, 0.0, 0.0, 0.0, 0.0, 0.0, 0.0, 0.0, 0.0, 0.0, 0.0, 0.0, 0.0, 0.0, 0.0, 0.0, 0.0, 0.0, 0.0, 0.0, 0.0, 0.0, 0.0, 0.0, 0.0, 0.0, 0.0, 0.0, 0.0, 1.0, 0.0, 0.0, 0.0, 0.0, 0.0, 0.0
HM488135/2001/USA/CT/Fairfield/NY99/unknown/Mosquito-other, 0.0, 0.0, 0.0, 0.0, 0.0, 0.0, 0.9999999999999999, 0.0, 0.0, 0.0, 0.0, 0.0, 0.0, 0.0, 0.0, 0.0, 0.0, 0.0, 0.0, 0.0, 0.0, 0.0, 0.0, 0.0, 0.0, 0.0, 0.0, 0.0, 0.0, 0.0, 0.0, 0.0, 0.0, 0.0, 0.0, 0.0
NODE_0000011, 0.00029622312814133324, 0.0002123548200079699, 0.0003063629629787893, 0.00026934445446579397, 0.0002465091837033857, 0.00034374131493033436, 0.19808248956382266, 0.00030625069535419365, 0.00022234743276772808, 0.00022633912254183921, 0.0002936262911101191, 0.0003089993485423709, 0.000302665750508306, 0.0002298717560024741, 0.00029471077337853613, 0.00023321564174585497, 0.0002791936222206324, 0.0003553230247570741, 0.0002251783771493969, 0.00045524037368900935, 0.00028435539493236657, 0.00023764877065752865, 0.000547506173120426, 0.0003106382105689467, 0.0002596241331318821, 0.00023321564174585795, 0.00022517837714939746, 0.0069400735762407415, 0.00021923801676695305, 0.7849490791647799, 0.0008674223489728662, 0.000301807909099714, 0.0002737759179360914, 0.00025955224797516706, 0.00029913799046633616, 0.0003017584886381273
NODE_0000012, 0.0011194690943151311, 0.0008324091749388993, 0.0011474228080655014, 0.0010301559019076114, 0.0009485673619889253, 0.001251642012345971, 0.15713203433007625, 0.0011232739917861358, 0.0008681688162360557, 0.0008814480047232862, 0.001112795621985009, 0.001144952067354062, 0.0011352571584800904, 0.0008943207430348644, 0.001115902508636514, 0.0009058342038697016, 0.0010634215542953355, 0.0013227027340179808, 0.0008780029522974228, 0.002731745074036964, 0.001076376015265808, 0.0009207412092985553, 0.0016006821159011747, 0.0011210405661414267, 0.00099621291758275, 0.0009058342038697197, 0.0008780029522974258, 0.0805541698510293, 0.0008561633962859436, 0.7195100939977956, 0.00757245038085031, 0.0010850480819076193, 0.0010430480966513382, 0.0009935951030448935, 0.0011067685989405117, 0.0011402463987456543
KJ501468/2001/USA/MS/Adams/NY99/unknown/Bird-other, 0.0, 0.0, 0.0, 0.0, 0.0, 0.0, 0.0, 0.0, 0.0, 0.0, 0.0, 0.0, 0.0, 0.0, 0.0, 0.0, 0.0, 0.0, 0.0, 0.0, 0.0, 0.0, 0.0, 0.0, 0.0, 0.0, 0.0, 1.0, 0.0, 0.0, 0.0, 0.0, 0.0, 0.0, 0.0, 0.0
NODE_0000013, 0.0010906414310913205, 0.0008040408865269168, 0.0011171773039454099, 0.0010020784350886212, 0.0009210835025759954, 0.001217793362294129, 0.15343822838079008, 0.0010910517255832038, 0.000840051930151398, 0.0008534140229993868, 0.001084233324417843, 0.0011142709439182416, 0.001105643076831236, 0.0008665021137186047, 0.001087270356656006, 0.0008781257891366594, 0.0010355820327478617, 0.001289083562102387, 0.0008500136778271652, 0.007015611468188204, 0.0010477825400018084, 0.0008931513731120193, 0.0015272964434291986, 0.0010854324495405032, 0.0009688260010754421, 0.0008781257891366746, 0.0008500136778271622, 0.023039687668048127, 0.0008281547032815514, 0.7609216897921584, 0.024040127980094923, 0.0010500347121854211, 0.0010152398863395957, 0.0009657531066709584, 0.001075630498997559, 0.0011111560515101354
KX547322/2003/USA/NY/Onondaga/NY99/unknown/Mosquito-Culiseta, 0.0, 0.0, 0.0, 0.0, 0.0, 0.0, 0.0, 0.0, 0.0, 0.0, 0.0, 0.0, 0.0, 0.0, 0.0, 0.0, 0.0, 0.0, 0.0, 0.0, 0.0, 0.0, 0.0, 0.0, 0.0, 0.0, 0.0, 0.0, 0.0, 1.0, 0.0, 0.0, 0.0, 0.0, 0.0, 0.0
NODE_0000014, 0.00299640386908783, 0.002486393974244974, 0.0030562679376502063, 0.002860029707205187, 0.0026994245534738464, 0.0032045740511791594, 0.2967136193768289, 0.003041408899281881, 0.0025653672656351127, 0.002587102241930231, 0.0029577859307956134, 0.003007134015701821, 0.002992241965323934, 0.002614588632550529, 0.002960322014134195, 0.0026345267264494586, 0.0028936244342161665, 0.0033190250531995574, 0.0025838012243286604, 0.061615858123688784, 0.002921532963011681, 0.002656176602067582, 0.0035922642563851618, 0.0031135894797820183, 0.002779790465677996, 0.002634526726449498, 0.0025838012243286266, 0.009533155997459375, 0.0025310362556629647, 0.32415566809957236, 0.21904939332307977, 0.0030219443120870263, 0.002858548384943382, 0.002786279696343097, 0.0029976694019753, 0.002995122814268069
KJ501276/2002/USA/OH/Hancock/NY99/unknown/Bird-other, 0.0, 0.0, 0.0, 0.0, 0.0, 0.0, 0.0, 0.0, 0.0, 0.0, 0.0, 0.0, 0.0, 0.0, 0.0, 0.0, 0.0, 0.0, 0.0, 0.0, 0.0, 0.0, 0.0, 0.0, 0.0, 0.0, 0.0, 0.0, 0.0, 0.0, 1.0, 0.0, 0.0, 0.0, 0.0, 0.0
NODE_0000015, 0.0024334639876329917, 0.0022529942372831726, 0.0024701488018032923, 0.002402805358329784, 0.0023221876545505464, 0.00250386568408796, 0.5337499456376628, 0.002552589946389592, 0.0022955460931759746, 0.002299121784045591, 0.002382418632127597, 0.0024014118945181843, 0.002394329239207864, 0.0023124331894252914, 0.002380453180325281, 0.002317227687969265, 0.002382250098721938, 0.0025469858815762724, 0.00230157078862186, 0.20834007430838042, 0.002409168660315568, 0.0023172477476109425, 0.0025811630713459145, 0.002716577681698568, 0.002344410136237532, 0.0023172276879692604, 0.0023015707886218355, 0.004010697909283105, 0.0022671983020270273, 0.1197045202440964, 0.059723851285499695, 0.0026340865547151734, 0.002372596541511759, 0.0023668762474498067, 0.002502857307425294, 0.002388125748356453
DQ431697/2003/USA/FL/Hillsborough/NY99/unknown/Human, 0.0, 0.0, 0.0, 0.0, 0.0, 0.0, 0.0, 0.0, 0.0, 0.0, 0.0, 0.0, 0.0, 0.0, 0.0, 0.0, 0.0, 0.0, 0.0, 1.0, 0.0, 0.0, 0.0, 0.0, 0.0, 0.0, 0.0, 0.0, 0.0, 0.0, 0.0, 0.0, 0.0, 0.0, 0.0, 0.0
HM488236/2003/USA/CT/Middlesex/NY99/unknown/Mosquito-Culiseta, 0.0, 0.0, 0.0, 0.0, 0.0, 0.0, 1.0, 0.0, 0.0, 0.0, 0.0, 0.0, 0.0, 0.0, 0.0, 0.0, 0.0, 0.0, 0.0, 0.0, 0.0, 0.0, 0.0, 0.0, 0.0, 0.0, 0.0, 0.0, 0.0, 0.0, 0.0, 0.0, 0.0, 0.0, 0.0, 0.0
NODE_0000016, 1.040417591690636e-05, 5.8981246484386605e-06, 3.4479591019156785e-05, 8.527985431785757e-06, 1.2217227465362943e-05, 8.299275955211587e-05, 0.04510844669968553, 1.0415770943438564e-05, 6.486140472187508e-06, 7.44254792229591e-06, 1.0867271723727636e-05, 5.127869416707748e-05, 2.775411468605805e-05, 6.9795260296255916e-06, 1.1795759323009968e-05, 6.876266687601102e-06, 1.016741228564776e-05, 2.097620262594124e-05, 6.669765313329169e-06, 1.053562976978856e-05, 9.439090023353684e-06, 7.309233175353995e-06, 0.0007264197620628156, 1.034656835673459e-05, 8.350433901017671e-06, 6.876266687601145e-06, 6.669765313329108e-06, 4.85640501816333e-05, 6.211807186742172e-06, 0.9536334632119134, 1.3508762835734268e-05, 3.3986571970718675e-05, 8.87575681522438e-06, 8.087747702438535e-06, 1.0083920786715131e-05, 1.0595385417986218e-05
KX547313/2004/USA/NY/Oswego/WN02/unknown/Bird-crow, 0.0, 0.0, 0.0, 0.0, 0.0, 0.0, 0.0, 0.0, 0.0, 0.0, 0.0, 0.0, 0.0, 0.0, 0.0, 0.0, 0.0, 0.0, 0.0, 0.0, 0.0, 0.0, 0.0, 0.0, 0.0, 0.0, 0.0, 0.0, 0.0, 1.0, 0.0, 0.0, 0.0, 0.0, 0.0, 0.0
NODE_0000017, 0.003706984480108136, 0.0027657090683587174, 0.0038163703478968324, 0.003417734716519014, 0.003154785612217498, 0.004170491845453114, 0.04076034449478746, 0.0036366863833326756, 0.00288034529627966, 0.0029264617534796623, 0.003704803642675098, 0.02951223620708012, 0.0037839494807783303, 0.002966276280762732, 0.0037150222030325883, 0.003006102161667306, 0.0035286203312836395, 0.004359697232216841, 0.002913002276624611, 0.00312676505814222, 0.0035591013569533023, 0.003057772433041517, 0.005554118276111212, 0.0035543509534210257, 0.003312543952654109, 0.00300610216166731, 0.0029130022766246117, 0.003822933605121721, 0.002845215706403699, 0.8153962744838257, 0.0034994300302091078, 0.003474127250562034, 0.003458960014320805, 0.003292728499071996, 0.0036076121173154014, 0.0037933380100000852
KX547488/2011/USA/NY/Suffolk/WN02/unknown/Mosquito-Culex, 0.0, 0.0, 0.0, 0.0, 0.0, 0.0, 0.0, 0.0, 0.0, 0.0, 0.0, 0.0, 0.0, 0.0, 0.0, 0.0, 0.0, 0.0, 0.0, 0.0, 0.0, 0.0, 0.0, 0.0, 0.0, 0.0, 0.0, 0.0, 0.0, 1.0, 0.0, 0.0, 0.0, 0.0, 0.0, 0.0
CSU5142/2013/USA/CO/Larimer/SW/unknown/unknown/Mosquito-Culex, 0.0, 0.0, 0.0, 0.0, 0.0, 0.0, 0.0, 0.0, 0.0, 0.0, 0.0, 1.0, 0.0, 0.0, 0.0, 0.0, 0.0, 0.0, 0.0, 0.0, 0.0, 0.0, 0.0, 0.0, 0.0, 0.0, 0.0, 0.0, 0.0, 0.0, 0.0, 0.0, 0.0, 0.0, 0.0, 0.0
NODE_0000039, 0.004723883388677063, 0.003826195105704376, 0.004824261417952322, 0.004472643981845469, 0.004202082407061728, 0.005107146849162831, 0.27088959575926946, 0.0048249139545234725, 0.0039533961662391245, 0.003992401923051352, 0.004667022260505392, 0.00477243092047361, 0.004735312676780801, 0.004037459439641313, 0.004672593872490796, 0.004075838653596895, 0.004537008118533029, 0.005260163843272672, 0.003985317066872613, 0.004961055361594775, 0.004592735273343559, 0.004116705039092577, 0.006120330875277164, 0.004932413561993366, 0.004342770264791131, 0.0040758386535969075, 0.0039853170668726215, 0.004823668860538021, 0.003905254061421104, 0.552169288171154, 0.0049273863365195195, 0.027172749820063014, 0.004481547791914397, 0.004351575833755847, 0.004746865516914855, 0.004734829705502668
JF920757/2008/USA/CT/Fairfield/WN02/unknown/Mosquito-Culex, 0.0, 0.0, 0.0, 0.0, 0.0, 0.0, 1.0, 0.0, 0.0, 0.0, 0.0, 0.0, 0.0, 0.0, 0.0, 0.0, 0.0, 0.0, 0.0, 0.0, 0.0, 0.0, 0.0, 0.0, 0.0, 0.0, 0.0, 0.0, 0.0, 0.0, 0.0, 0.0, 0.0, 0.0, 0.0, 0.0
MF175873/2015/USA/TX/Dallas/WN02/unknown/Mosquito-Culex, 0.0, 0.0, 0.0, 0.0, 0.0, 0.0, 0.0, 0.0, 0.0, 0.0, 0.0, 0.0, 0.0, 0.0, 0.0, 0.0, 0.0, 0.0, 0.0, 0.0, 0.0, 0.0, 0.0, 0.0, 0.0, 0.0, 0.0, 0.0, 0.0, 0.0, 0.0, 1.0, 0.0, 0.0, 0.0, 0.0
NODE_0000019, 0.0019571778703466837, 0.0014300772507866886, 0.0020195906893643793, 0.0017919550809334722, 0.0016466927539357033, 0.030152372387981907, 0.03167520666768862, 0.0019201924548263951, 0.0015752261544236046, 0.001896466593569045, 0.002331619806204337, 0.0020282384031692206, 0.009252484485751328, 0.0016879657742757232, 0.002700030023809591, 0.001606159348637302, 0.0023093403140052324, 0.005097184718827059, 0.0016182316964947002, 0.0016444787270105507, 0.001874450908452216, 0.0017199445989999572, 0.0031302797781898794, 0.0018755569079548446, 0.0018335943177983502, 0.0016061593486373, 0.0016182316964946791, 0.002029045790565945, 0.0014739054371135745, 0.8653680575908075, 0.0018473764401609762, 0.0018329761049474531, 0.0018178611742906334, 0.0017233826961890188, 0.001902721525327487, 0.0020057644820285804
KJ501208/2012/USA/CO/Larimer/WN02/unknown/Mosquito-Culex, 0.0, 0.0, 0.0, 0.0, 0.0, 1.0, 0.0, 0.0, 0.0, 0.0, 0.0, 0.0, 0.0, 0.0, 0.0, 0.0, 0.0, 0.0, 0.0, 0.0, 0.0, 0.0, 0.0, 0.0, 0.0, 0.0, 0.0, 0.0, 0.0, 0.0, 0.0, 0.0, 0.0, 0.0, 0.0, 0.0
NODE_0000020, 0.002269821330060798, 0.0016678701608521997, 0.002335262223524201, 0.002081288569348516, 0.001913191559782943, 0.01574497800634022, 0.02117818823642527, 0.002223737792210237, 0.0018649082702935646, 0.0021251993929138568, 0.003275302929891891, 0.002339465138612719, 0.021684339315856654, 0.002034537505418923, 0.0042524984873897435, 0.0019377683362464594, 0.003381202160115911, 0.009819901915654627, 0.0019319211234946315, 0.0018925723574369632, 0.002175075237923469, 0.002148405100543829, 0.0033930282394179345, 0.002169544369261678, 0.002269021230682412, 0.001937768336246452, 0.0019319211234946141, 0.002340063668342614, 0.0017176604626754387, 0.8610716076906099, 0.002134168455181982, 0.0021134353267089766, 0.0021104867084989105, 0.0020020994895130657, 0.0022047147041033876, 0.0023270450449248575
CSU9468/2016/USA/CO/Larimer/SE/unknown/unknown/Mosquito-Culex, 0.0, 0.0, 0.0, 0.0, 0.0, 0.0, 0.0, 0.0, 0.0, 0.0, 0.0, 0.0, 1.0, 0.0, 0.0, 0.0, 0.0, 0.0, 0.0, 0.0, 0.0, 0.0, 0.0, 0.0, 0.0, 0.0, 0.0, 0.0, 0.0, 0.0, 0.0, 0.0, 0.0, 0.0, 0.0, 0.0
NODE_0000021, 0.0008235286607905987, 0.0005794356488517183, 0.0008484488494057513, 0.0007452810821064298, 0.0006779742603313237, 0.004908814641973233, 0.007122822168219544, 0.0008046547047303901, 0.0008275988266029381, 0.0010368759397216484, 0.003008562014966859, 0.000852545050571672, 0.004105534834342923, 0.001071765164512774, 0.005118790189764638, 0.0009014748432189518, 0.003467713682195368, 0.016192631836833206, 0.0009277028031934142, 0.0006625629529457837, 0.0007858617333946105, 0.0012416017123575757, 0.001274412041754176, 0.0007793405357943853, 0.0012386258583429869, 0.0009014748432189512, 0.0009277028031933935, 0.0008531070752615224, 0.0005993210596959922, 0.9320715828787793, 0.0007654250064283453, 0.0007561376665623814, 0.000759559266237493, 0.000714044631403807, 0.0007971437926645475, 0.0008499409396312244
KX547280/2012/USA/NY/Oswego/WN02/unknown/Mosquito-Culiseta, 0.0, 0.0, 0.0, 0.0, 0.0, 0.0, 0.0, 0.0, 0.0, 0.0, 0.0, 0.0, 0.0, 0.0, 0.0, 0.0, 0.0, 0.0, 0.0, 0.0, 0.0, 0.0, 0.0, 0.0, 0.0, 0.0, 0.0, 0.0, 0.0, 1.0, 0.0, 0.0, 0.0, 0.0, 0.0, 0.0
NODE_0000022, 0.000952325148289749, 0.0006721400319963901, 0.0009816525360641926, 0.0008646706762695229, 0.0007868012600177244, 0.005971064476110757, 0.005373560426398119, 0.0009260630220345091, 0.0018288887110406752, 0.002660411777862708, 0.011651989018852515, 0.0009813911953234697, 0.001746561692348393, 0.0029983226358160082, 0.021968363912508667, 0.002117392491415774, 0.014378804420604926, 0.07254786052599572, 0.002317393044732788, 0.0007605394974705819, 0.0009100849660204247, 0.003634588504322909, 0.0014248684201979775, 0.0009001916412830019, 0.003316389359379408, 0.0021173924914157775, 0.0023173930447326985, 0.000981155581638236, 0.000695265346358154, 0.8258576750573594, 0.0008815327369329255, 0.0008715178148999426, 0.0008805812096686013, 0.0008283168975691135, 0.0009178575540596138, 0.000978992873008652
CSU9566/2016/USA/CO/Larimer/NE/unknown/unknown/Mosquito-Culex, 0.0, 0.0, 0.0, 0.0, 0.0, 0.0, 0.0, 0.0, 0.0, 0.0, 0.0, 0.0, 0.0, 0.0, 0.9999999999999999, 0.0, 0.0, 0.0, 0.0, 0.0, 0.0, 0.0, 0.0, 0.0, 0.0, 0.0, 0.0, 0.0, 0.0, 0.0, 0.0, 0.0, 0.0, 0.0, 0.0, 0.0
CSU13985/2019/USA/CO/Larimer/NE/unknown/unknown/Mosquito-Culex, 0.0, 0.0, 0.0, 0.0, 0.0, 0.0, 0.0, 0.0, 0.0, 0.0, 0.9999999999999999, 0.0, 0.0, 0.0, 0.0, 0.0, 0.0, 0.0, 0.0, 0.0, 0.0, 0.0, 0.0, 0.0, 0.0, 0.0, 0.0, 0.0, 0.0, 0.0, 0.0, 0.0, 0.0, 0.0, 0.0, 0.0
NODE_0000025, 0.001283081658593527, 0.0009253886880568522, 0.0013187571018085946, 0.001171585200372079, 0.0010721024817079575, 0.003186248630507019, 0.005460204729060027, 0.0012482100972580614, 0.0013423911617512854, 0.0016301310566280637, 0.00495266996132621, 0.0013184036880268875, 0.0015734375234781354, 0.0017530377034578985, 0.008489889136112252, 0.001463446859348057, 0.005754770334700744, 0.08703054738438813, 0.0015110485637945972, 0.0010327972447552788, 0.0012271620733611869, 0.0021781968487562704, 0.0018470392979553693, 0.0012128541271225497, 0.010650683117962417, 0.0014634468593480617, 0.001511048563794559, 0.0013172668319900293, 0.0009552634220101256, 0.8368825871197716, 0.0011891424730289036, 0.0011780456310027923, 0.0011899581824550507, 0.0011248548955887525, 0.0012385890795844202, 0.0013157122711362939
KX547286/2015/USA/NY/Chautauqua/WN02/unknown/Mosquito-Culiseta, 0.0, 0.0, 0.0, 0.0, 0.0, 0.0, 0.0, 0.0, 0.0, 0.0, 0.0, 0.0, 0.0, 0.0, 0.0, 0.0, 0.0, 0.0, 0.0, 0.0, 0.0, 0.0, 0.0, 0.0, 0.0, 0.0, 0.0, 0.0, 0.0, 1.0, 0.0, 0.0, 0.0, 0.0, 0.0, 0.0
NODE_0000026, 0.005710476500279388, 0.0047436557176900795, 0.005843537195641948, 0.0054562481313657415, 0.005157558577860212, 0.007020685501841946, 0.011597111865127147, 0.005576252553525827, 0.005146887492594043, 0.0053406913432577615, 0.007220088734545104, 0.0057577846883351555, 0.005843568574455152, 0.005460918892329692, 0.008622733042313993, 0.005230341600265249, 0.007399962685767561, 0.3497646436358268, 0.005270618187964625, 0.005031481906225826, 0.005548913058014285, 0.006662807215590301, 0.006867303284850075, 0.005543076917200488, 0.11583796522645856, 0.005230341600265246, 0.005270618187964542, 0.0057388213053369014, 0.004829289556530901, 0.33836602565701623, 0.005437810168214872, 0.005427262456879018, 0.00545219787672217, 0.0053028517650039134, 0.005552700862107396, 0.0057367680346319646
CSU11025/2017/USA/CO/Larimer/NE/unknown/unknown/Mosquito-Culex, 0.0, 0.0, 0.0, 0.0, 0.0, 0.0, 0.0, 0.0, 0.0, 0.0, 0.0, 0.0, 0.0, 0.0, 0.0, 0.0, 0.0, 1.0, 0.0, 0.0, 0.0, 0.0, 0.0, 0.0, 0.0, 0.0, 0.0, 0.0, 0.0, 0.0, 0.0, 0.0, 0.0, 0.0, 0.0, 0.0
CSU14932/2020/USA/CO/Larimer/LV/unknown/unknown/Mosquito-Culex, 0.0, 0.0, 0.0, 0.0, 0.0, 0.0, 0.0, 0.0, 0.0, 0.0, 0.0, 0.0, 0.0, 0.0, 0.0, 0.0, 0.0, 0.0, 0.0, 0.0, 0.0, 0.0, 0.0, 0.0, 1.0, 0.0, 0.0, 0.0, 0.0, 0.0, 0.0, 0.0, 0.0, 0.0, 0.0, 0.0
NODE_0000028, 0.008077391286659923, 0.006863789927692688, 0.008259372048070639, 0.007768164627766852, 0.007380983983574758, 0.010881038087710477, 0.015623772859841326, 0.007893202300176538, 0.007603702320213777, 0.008043191112677279, 0.013003292354563904, 0.0081233517009502, 0.008451195576264644, 0.0082565342077455, 0.01779283418831941, 0.03547117343145754, 0.25678560053406474, 0.0417348043918725, 0.00787192376587123, 0.007219267510400383, 0.007865798730824882, 0.008750437445834472, 0.009502729801232606, 0.007870543016281034, 0.008833793809691737, 0.035471173431457385, 0.007871923765871211, 0.008094569992253024, 0.00697061557184549, 0.35895952632435135, 0.007723693144608794, 0.007716439429955202, 0.007743568174117357, 0.007564347904318731, 0.007863826843699058, 0.00809242639776319
CSU8400/2015/USA/CO/Larimer/SW/unknown/unknown/Mosquito-Culex, 0.0, 0.0, 0.0, 0.0, 0.0, 0.0, 0.0, 0.0, 0.0, 0.0, 0.0, 0.0, 0.0, 0.0, 0.0, 0.0, 1.0, 0.0, 0.0, 0.0, 0.0, 0.0, 0.0, 0.0, 0.0, 0.0, 0.0, 0.0, 0.0, 0.0, 0.0, 0.0, 0.0, 0.0, 0.0, 0.0
NODE_0000029, 0.004425915042196461, 0.004478016108593293, 0.004512485920969677, 0.0045030928340795435, 0.0044500972783760254, 0.004552291373911959, 0.004214392721608256, 0.004351702697969493, 0.004547161997454284, 0.004550984093257699, 0.004571386450943026, 0.004358073605706097, 0.004371609979873723, 0.004565509390180851, 0.004757282841650702, 0.41237154121369907, 0.016093153843048484, 0.005770101083173448, 0.004554359807142736, 0.004439908295502356, 0.004401542183902255, 0.004564322263869139, 0.004271420382590848, 0.004469927754358638, 0.004497612060701482, 0.4123715412136973, 0.00455435980714279, 0.004331482898062697, 0.004468993696758695, 0.015288590062133008, 0.0043872356335736265, 0.004418846352026559, 0.004401841010496368, 0.004449449409658226, 0.0043516501405363875, 0.004332118551154801
CSU16137/2021/USA/CO/Larimer/SE/unknown/unknown/Mosquito-Culex, 0.0, 0.0, 0.0, 0.0, 0.0, 0.0, 0.0, 0.0, 0.0, 0.0, 0.0, 0.0, 0.0, 0.0, 0.0, 1.0, 0.0, 0.0, 0.0, 0.0, 0.0, 0.0, 0.0, 0.0, 0.0, 0.0, 0.0, 0.0, 0.0, 0.0, 0.0, 0.0, 0.0, 0.0, 0.0, 0.0
CSU16658/2021/USA/CO/Larimer/LV/unknown/unknown/Mosquito-Culex, 0.0, 0.0, 0.0, 0.0, 0.0, 0.0, 0.0, 0.0, 0.0, 0.0, 0.0, 0.0, 0.0, 0.0, 0.0, 0.0, 0.0, 0.0, 0.0, 0.0, 0.0, 0.0, 0.0, 0.0, 0.0, 1.0, 0.0, 0.0, 0.0, 0.0, 0.0, 0.0, 0.0, 0.0, 0.0, 0.0
NODE_0000030, 0.005908825594275285, 0.004937080919539804, 0.0060494656791405844, 0.0056589557256308785, 0.005355182699247955, 0.0530918247225454, 0.01215051970205618, 0.005765280455444134, 0.02519888825998372, 0.039194563445034435, 0.010138248885477225, 0.005948237565415793, 0.006236612883361313, 0.04528990849137891, 0.014196094323358548, 0.005795469717456523, 0.01108475668919925, 0.19050531579985794, 0.03376024156503115, 0.005227424611779225, 0.005747560296961854, 0.05140339449301545, 0.007062857691492706, 0.005746193282841066, 0.007208294516263237, 0.005795469717456518, 0.033760241565029596, 0.005928065826355823, 0.0050234910563927895, 0.346756747398179, 0.005633365961861215, 0.005622934144735606, 0.005650856159188042, 0.005501676815430651, 0.005740988054491803, 0.005924965285090415
NODE_0000031, 0.006615758852342859, 0.006073846813367144, 0.006760883803165014, 0.006523235074377276, 0.006305051354846094, 0.0251297672250218, 0.009850854471344733, 0.006480484379824797, 0.01416676488516128, 0.019654474352940147, 0.008282171196189542, 0.0065927641694371155, 0.006704500325815417, 0.022034710732963026, 0.009835713695674422, 0.0065144509124146575, 0.008634267873534083, 0.4109980647782452, 0.017500232437433254, 0.006223655112442417, 0.006504379388033358, 0.14679583968149013, 0.007181703071737039, 0.006552673898353605, 0.007966041194863575, 0.006514450912414667, 0.017500232437432574, 0.006561907744108216, 0.006119203998131312, 0.13868580341521206, 0.0064271945037459996, 0.006443422124404955, 0.006447160185611146, 0.006392011576398733, 0.00646589066028081, 0.006560432761241592
CSU8436/2015/USA/CO/Larimer/NE/unknown/unknown/Mosquito-Culex, 0.0, 0.0, 0.0, 0.0, 0.0, 0.0, 0.0, 0.0, 0.0, 0.0, 0.0, 0.0, 0.0, 0.0, 0.0, 0.0, 0.0, 1.0, 0.0, 0.0, 0.0, 0.0, 0.0, 0.0, 0.0, 0.0, 0.0, 0.0, 0.0, 0.0, 0.0, 0.0, 0.0, 0.0, 0.0, 0.0
W1525/2018/USA/IL/Cook/WN02/unknown/Mosquito-Culex, 0.0, 0.0, 0.0, 0.0, 0.0, 0.0, 0.0, 0.0, 0.0, 0.0, 0.0, 0.0, 0.0, 0.0, 0.0, 0.0, 0.0, 0.0, 0.0, 0.0, 0.0, 1.0, 0.0, 0.0, 0.0, 0.0, 0.0, 0.0, 0.0, 0.0, 0.0, 0.0, 0.0, 0.0, 0.0, 0.0
NODE_0000032, 0.005196342517713348, 0.004764321757474999, 0.005315104720606677, 0.005126362153041107, 0.004952256362527668, 0.14136453234339078, 0.007766469926416075, 0.0050821867722521735, 0.07115276231811946, 0.11688598129847087, 0.006364454308271827, 0.005171694418914959, 0.005259995435377846, 0.13645401123829537, 0.007510872178179401, 0.005098777929961772, 0.0066556136770933, 0.06067095624036938, 0.09931031358189181, 0.004884654709262545, 0.005111321570345931, 0.018744324372540224, 0.005635313285059447, 0.005150444787743826, 0.005654494622044449, 0.005098777929961724, 0.09931031358188713, 0.005147263630838101, 0.0048014802371205145, 0.10995000480235725, 0.005046801854829311, 0.005058250586331548, 0.005066840786342918, 0.005021657294829137, 0.005070007440971665, 0.005145039329165368
NODE_0000033, 0.003773754816394187, 0.003759799504895165, 0.0038508811584509564, 0.00382232199448413, 0.003763365690268173, 0.38039438404131026, 0.003972929512084784, 0.0037015699484599933, 0.02047195308247303, 0.34718005278801295, 0.004013566700933536, 0.0037176083779581473, 0.003753558220724243, 0.03723979429352266, 0.0042775655428357534, 0.003848094841232072, 0.004130181647406416, 0.01729969902448303, 0.027561059431364127, 0.0037433473329957674, 0.003746906989045403, 0.0072485305250541195, 0.0037082813127344147, 0.003799901491037199, 0.003947217895323504, 0.0038480948412320496, 0.027561059431362674, 0.0036951467457352533, 0.00375786548819983, 0.03202731015306377, 0.0037256502376446857, 0.003749953710945783, 0.0037425218389295096, 0.0037711352126133476, 0.003699946301863021, 0.003694989874926377
CSU6377/2014/USA/CO/Larimer/NE/unknown/unknown/Mosquito-Culex, 0.0, 0.0, 0.0, 0.0, 0.0, 0.0, 0.0, 0.0, 0.0, 1.0, 0.0, 0.0, 0.0, 0.0, 0.0, 0.0, 0.0, 0.0, 0.0, 0.0, 0.0, 0.0, 0.0, 0.0, 0.0, 0.0, 0.0, 0.0, 0.0, 0.0, 0.0, 0.0, 0.0, 0.0, 0.0, 0.0
W1757/2013/USA/CO/Larimer/WN02/unknown/Mosquito-Culex, 0.0, 0.0, 0.0, 0.0, 0.0, 1.0, 0.0, 0.0, 0.0, 0.0, 0.0, 0.0, 0.0, 0.0, 0.0, 0.0, 0.0, 0.0, 0.0, 0.0, 0.0, 0.0, 0.0, 0.0, 0.0, 0.0, 0.0, 0.0, 0.0, 0.0, 0.0, 0.0, 0.0, 0.0, 0.0, 0.0
NODE_0000035, 0.004887667647716649, 0.004872856656408002, 0.004985849642742416, 0.004949799364142174, 0.004874679481015199, 0.0458728947807909, 0.005120288978080602, 0.004795112570275912, 0.2244839555532305, 0.03885136481561155, 0.005173622977704097, 0.0048151151541635856, 0.004843819723077505, 0.42703136794905794, 0.0054936575970681665, 0.004980795074194384, 0.0053164155901850065, 0.02116443689848324, 0.03343861533771549, 0.004849473355037122, 0.00485172213468235, 0.00908313558572549, 0.0048001967755390415, 0.004920184790506772, 0.00509693166490514, 0.004980795074194311, 0.03343861533771329, 0.0047862835569135904, 0.004869925370556449, 0.03337809985304087, 0.00482544170613876, 0.004856919066113988, 0.004846171423956802, 0.0048840575507775996, 0.004793343038781782, 0.004786387923753183
CSU5003/2013/USA/CO/Larimer/NW/unknown/unknown/Mosquito-Culex, 0.0, 0.0, 0.0, 0.0, 0.0, 0.0, 0.0, 0.0, 0.0, 0.0, 0.0, 0.0, 0.0, 1.0, 0.0, 0.0, 0.0, 0.0, 0.0, 0.0, 0.0, 0.0, 0.0, 0.0, 0.0, 0.0, 0.0, 0.0, 0.0, 0.0, 0.0, 0.0, 0.0, 0.0, 0.0, 0.0
CSU8302/2015/USA/CO/Larimer/NE/unknown/unknown/Mosquito-Culex, 0.0, 0.0, 0.0, 0.0, 0.0, 0.0, 0.0, 0.0, 1.0, 0.0, 0.0, 0.0, 0.0, 0.0, 0.0, 0.0, 0.0, 0.0, 0.0, 0.0, 0.0, 0.0, 0.0, 0.0, 0.0, 0.0, 0.0, 0.0, 0.0, 0.0, 0.0, 0.0, 0.0, 0.0, 0.0, 0.0
NODE_0000036, 0.0039880155481320685, 0.0040042654606722225, 0.0040674153149034345, 0.0040482561589729, 0.00399330827334082, 0.0326981727212747, 0.004023918919412746, 0.003913171261041594, 0.01809476609544165, 0.02783943773021257, 0.004176677819524923, 0.003924858940084947, 0.003945383043866512, 0.0321196290367818, 0.004396900308325605, 0.004079853942558271, 0.00428848093696214, 0.01533348757488305, 0.36737876577084483, 0.0039753946133518556, 0.003962079518680448, 0.006952634140497901, 0.0038799213937369594, 0.004020358291692528, 0.00414748909183363, 0.004079853942558233, 0.36737876577083806, 0.0039008979367088953, 0.003999181044856416, 0.02370500632136215, 0.003942952421817051, 0.003970070174960533, 0.003960235798692416, 0.003996926791264428, 0.003912390333989557, 0.0039010775559220503
CSU6058/2014/USA/CO/Larimer/LV/unknown/unknown/Mosquito-Culex, 0.0, 0.0, 0.0, 0.0, 0.0, 0.0, 0.0, 0.0, 0.0, 0.0, 0.0, 0.0, 0.0, 0.0, 0.0, 0.0, 0.0, 0.0, 0.0, 0.0, 0.0, 0.0, 0.0, 0.0, 0.0, 0.0, 1.0, 0.0, 0.0, 0.0, 0.0, 0.0, 0.0, 0.0, 0.0, 0.0
CSU6836/2014/USA/CO/Larimer/SW/unknown/unknown/Mosquito-Culex, 0.0, 0.0, 0.0, 0.0, 0.0, 0.0, 0.0, 0.0, 0.0, 0.0, 0.0, 0.0, 0.0, 0.0, 0.0, 0.0, 0.0, 0.0, 1.0, 0.0, 0.0, 0.0, 0.0, 0.0, 0.0, 0.0, 0.0, 0.0, 0.0, 0.0, 0.0, 0.0, 0.0, 0.0, 0.0, 0.0
NODE_0000040, 0.000381507248633372, 0.0002049733010021297, 0.006457629495179221, 0.00027222676176215735, 0.0016517600406058034, 0.0003598043058625294, 0.011928426272762856, 0.0002981403963101442, 0.00021500344822896635, 0.00021980623344865062, 0.00030371568133297417, 0.0003194069546660017, 0.0003135599135913977, 0.00022411829110943537, 0.00030513362201536654, 0.0002281373961810202, 0.00028524341497753147, 0.0003796629802363456, 0.00021842826195939455, 0.00024681396845194426, 0.00029773044050817774, 0.00023367102398517644, 0.1230074758203937, 0.00028899497040104895, 0.00026090030697052403, 0.00022813739618102083, 0.00021842826195939458, 0.0003201464305098865, 0.00021541050156689934, 0.8483746229368369, 0.00028495303756726246, 0.0002817464439765545, 0.00027952257546780653, 0.00026122513082003674, 0.0002944973937373728, 0.0003390393408010277
HM488185/2003/USA/IL/Unknown/WN02/unknown/Bird-other, 0.0, 0.0, 0.0, 0.0, 0.0, 0.0, 0.0, 0.0, 0.0, 0.0, 0.0, 0.0, 0.0, 0.0, 0.0, 0.0, 0.0, 0.0, 0.0, 0.0, 0.0, 0.0, 1.0, 0.0, 0.0, 0.0, 0.0, 0.0, 0.0, 0.0, 0.0, 0.0, 0.0, 0.0, 0.0, 0.0
NODE_0000041, 0.007739338488833617, 0.00497952877574669, 0.4392393929909523, 0.005506955262509274, 0.11808393436226293, 0.006020678866165383, 0.012249857593359746, 0.005559349418099105, 0.005063390242690506, 0.005093128401159703, 0.0056293163186535615, 0.005700107787646992, 0.005678597233641924, 0.005137578611237145, 0.00563048482072399, 0.00516680050355076, 0.005539032813081787, 0.006179209389870281, 0.005091246911696447, 0.005166308859541585, 0.005553333825048317, 0.005193615512157849, 0.03866741328689781, 0.005568143766557765, 0.005371890327335486, 0.00516680050355077, 0.005091246911696448, 0.005678912201524133, 0.005119335705106544, 0.22113566648984018, 0.005464863495651643, 0.005463612909898376, 0.005477824138033079, 0.0053699006114372606, 0.005540114394583898, 0.005683088269256965
KJ501178/2011/USA/CA/Unknown/WN02/unknown/Mosquito-Culex, 0.0, 0.0, 0.0, 0.0, 1.0, 0.0, 0.0, 0.0, 0.0, 0.0, 0.0, 0.0, 0.0, 0.0, 0.0, 0.0, 0.0, 0.0, 0.0, 0.0, 0.0, 0.0, 0.0, 0.0, 0.0, 0.0, 0.0, 0.0, 0.0, 0.0, 0.0, 0.0, 0.0, 0.0, 0.0, 0.0
NODE_0000042, 0.00037289396994335297, 0.00019192657529121663, 0.9862984629282494, 0.00020095086124582927, 0.00236919857270709, 0.00021037665225001257, 0.00031503511471120535, 0.00019872642091217467, 0.0001920117212592208, 0.00019239804598653092, 0.00020029447524476973, 0.00020170040142582603, 0.00020121972327166675, 0.0001935121107341919, 0.00020013737936294064, 0.0001939092706274782, 0.0001998062554531996, 0.00021376673763555612, 0.00019255548822568415, 0.00019262685524753931, 0.00019979577339099811, 0.00019398728957513488, 0.0006993509417247969, 0.0002014683880766987, 0.00019654108677967527, 0.0001939092706274785, 0.0001925554882256844, 0.0002007415878867515, 0.00019871966631448737, 0.00400114068414185, 0.0001976309655704109, 0.0001981998558705506, 0.00019842044794141808, 0.00019693167540934956, 0.00019830687050639357, 0.0002007904481730768
W785/2004/USA/CA/Sacramento/WN02/unknown/Bird-other, 0.0, 0.0, 1.0, 0.0, 0.0, 0.0, 0.0, 0.0, 0.0, 0.0, 0.0, 0.0, 0.0, 0.0, 0.0, 0.0, 0.0, 0.0, 0.0, 0.0, 0.0, 0.0, 0.0, 0.0, 0.0, 0.0, 0.0, 0.0, 0.0, 0.0, 0.0, 0.0, 0.0, 0.0, 0.0, 0.0
W789/2005/USA/CA/Sacramento/WN02/unknown/Bird-other, 0.0, 0.0, 1.0, 0.0, 0.0, 0.0, 0.0, 0.0, 0.0, 0.0, 0.0, 0.0, 0.0, 0.0, 0.0, 0.0, 0.0, 0.0, 0.0, 0.0, 0.0, 0.0, 0.0, 0.0, 0.0, 0.0, 0.0, 0.0, 0.0, 0.0, 0.0, 0.0, 0.0, 0.0, 0.0, 0.0
NODE_0000044, 7.896631481275085e-05, 2.631832239073119e-05, 0.0002353437767128541, 4.153692924544168e-05, 6.855062727489545e-05, 5.109443322714818e-05, 0.0030539217763272467, 4.141954481899074e-05, 2.7119659129759486e-05, 2.7908242670610102e-05, 4.2464891794552605e-05, 4.457996513058525e-05, 4.395735177527357e-05, 2.8572977143185102e-05, 4.27324349992576e-05, 2.9232144514394436e-05, 3.9018301478033515e-05, 5.620196862200749e-05, 2.7664012493135996e-05, 3.203021351459105e-05, 8.412158583719618e-05, 3.0186764987270214e-05, 0.095146244584622, 3.942093291484972e-05, 3.4812632861499044e-05, 2.92321445143945e-05, 2.7664012493136078e-05, 4.483046631305536e-05, 2.8739409753656163e-05, 0.9001226109052811, 3.883582077633196e-05, 3.7885300298108944e-05, 4.636878509231997e-05, 4.594362277339305e-05, 4.078626742859304e-05, 0.00016368287597766896
KX547241/2003/USA/NY/Erie/WN02/unknown/Mosquito-Culex, 0.0, 0.0, 0.0, 0.0, 0.0, 0.0, 0.0, 0.0, 0.0, 0.0, 0.0, 0.0, 0.0, 0.0, 0.0, 0.0, 0.0, 0.0, 0.0, 0.0, 0.0, 0.0, 0.0, 0.0, 0.0, 0.0, 0.0, 0.0, 0.0, 1.0, 0.0, 0.0, 0.0, 0.0, 0.0, 0.0
JN183891/2002/USA/IL/Unknown/WN02/unknown/Bird-other, 0.0, 0.0, 0.0, 0.0, 0.0, 0.0, 0.0, 0.0, 0.0, 0.0, 0.0, 0.0, 0.0, 0.0, 0.0, 0.0, 0.0, 0.0, 0.0, 0.0, 0.0, 0.0, 1.0, 0.0, 0.0, 0.0, 0.0, 0.0, 0.0, 0.0, 0.0, 0.0, 0.0, 0.0, 0.0, 0.0
NODE_0000046, 0.001977318047299857, 0.00035718149067362156, 0.0006261914408388614, 0.0006529138437772269, 0.00036308912710112653, 0.00046566710034884025, 0.01720558588860671, 0.000414085926746013, 0.00032288369451983616, 0.0003277596197776023, 0.00041361289585116874, 0.00042521690580599663, 0.00042193046900686817, 0.00033243543492467723, 0.00041481860749618336, 0.0003365566905706897, 0.0003950973414598244, 0.0004952625154144888, 0.00032645788602720825, 0.0003767416603174917, 0.002615661773629913, 0.0003420473066693854, 0.021486707435314813, 0.00041076448590857215, 0.00036978162345690206, 0.0003365566905706897, 0.00032645788602720803, 0.00042770350586933804, 0.00042936569468464327, 0.9376103391301651, 0.0004063738934504094, 0.0003974730963151681, 0.0008274522881467443, 0.000984667547582383, 0.00040862786226873173, 0.005969213193375557
NODE_0000047, 0.0012087643770884594, 0.0005297502277107284, 0.0008289420295374988, 0.0007500171475595828, 0.000611506515953778, 0.0008514484102831352, 0.009121609899499226, 0.0007286477670609612, 0.0005412401579398153, 0.0005520356447981764, 0.0007447620947328816, 0.000769089039135091, 0.0007624188856773488, 0.0005620620568394392, 0.0007476136867921585, 0.0005715498811601394, 0.0007014517351879433, 0.000912010774749271, 0.0005491044406693419, 0.0006001549761660703, 0.001369700840845991, 0.0005841615723097915, 0.008024114583114077, 0.0007053672702039817, 0.0006468077157261001, 0.0005715498811601394, 0.0005491044406693417, 0.0007704229361380669, 0.0005663340566673387, 0.9262140883803119, 0.0006938617168161133, 0.0006832981694741002, 0.0008146970632931243, 0.0008223196832005867, 0.0007212587995651151, 0.03361873314196337
KX547282/2004/USA/NY/Orleans/SW03/unknown/Bird-other, 0.0, 0.0, 0.0, 0.0, 0.0, 0.0, 0.0, 0.0, 0.0, 0.0, 0.0, 0.0, 0.0, 0.0, 0.0, 0.0, 0.0, 0.0, 0.0, 0.0, 0.0, 0.0, 0.0, 0.0, 0.0, 0.0, 0.0, 0.0, 0.0, 1.0, 0.0, 0.0, 0.0, 0.0, 0.0, 0.0
KJ501430/2006/USA/WI/Unknown/SW03/unknown/Bird-other, 0.0, 0.0, 0.0, 0.0, 0.0, 0.0, 0.0, 0.0, 0.0, 0.0, 0.0, 0.0, 0.0, 0.0, 0.0, 0.0, 0.0, 0.0, 0.0, 0.0, 0.0, 0.0, 0.0, 0.0, 0.0, 0.0, 0.0, 0.0, 0.0, 0.0, 0.0, 0.0, 0.0, 0.0, 0.0, 1.0
NODE_0000048, 0.013021997530016568, 0.0010299124687596912, 0.0020576426766346443, 0.0029675636208192067, 0.0008205131921092103, 0.0010464859056224973, 0.07854858476090688, 0.0009603175176079632, 0.0007417086529678865, 0.0007524492357887757, 0.0009345358127235365, 0.0009592161501509381, 0.0009520903742394938, 0.0007631275239901641, 0.0009369424403382481, 0.0007720142149154989, 0.0008980923083873669, 0.0011089770916234772, 0.00074969440509329, 0.0009430747125028982, 0.01792888531028207, 0.0007838316969057601, 0.007832203819804325, 0.0009716293150442181, 0.0008432797965334658, 0.000772014214915499, 0.0007496944050932913, 0.0009709976331011867, 0.001562243962395052, 0.8412654402407163, 0.0009683667494734393, 0.0009360249734356659, 0.004277666488636285, 0.005616086702630698, 0.0009427665956582734, 0.0026139275001761447
JF920751/2008/USA/CT/Fairfield/SW03/unknown/Mosquito-Culex, 0.0, 0.0, 0.0, 0.0, 0.0, 0.0, 1.0, 0.0, 0.0, 0.0, 0.0, 0.0, 0.0, 0.0, 0.0, 0.0, 0.0, 0.0, 0.0, 0.0, 0.0, 0.0, 0.0, 0.0, 0.0, 0.0, 0.0, 0.0, 0.0, 0.0, 0.0, 0.0, 0.0, 0.0, 0.0, 0.0
NODE_0000050, 0.011624023505137812, 0.005907044009842761, 0.007394129606341938, 0.007374784825332431, 0.006192585995020922, 0.007223059629902274, 0.041635054561498165, 0.006668428185147329, 0.005911978633443895, 0.0059546696445514705, 0.006714381952545352, 0.006810485738707691, 0.006782204969158185, 0.006012571519472788, 0.006717991380464789, 0.0060542967662605375, 0.006578094276985688, 0.007443301960458198, 0.0059499058554099305, 0.006256971422220474, 0.31059475640274414, 0.006095798231462771, 0.010601010652061772, 0.006685660261386825, 0.006348895018417993, 0.006054296766260534, 0.005949905855409913, 0.006800626479708597, 0.006205526797069475, 0.3343901738778472, 0.006579139993939323, 0.006543282360280428, 0.007883286693937692, 0.09397165348862274, 0.006631123612109683, 0.0074588990708384225
KC333375/2012/USA/TX/Harris/SW03/unknown/Bird-other, 0.0, 0.0, 0.0, 0.0, 0.0, 0.0, 0.0, 0.0, 0.0, 0.0, 0.0, 0.0, 0.0, 0.0, 0.0, 0.0, 0.0, 0.0, 0.0, 0.0, 0.0, 0.0, 0.0, 0.0, 0.0, 0.0, 0.0, 0.0, 0.0, 0.0, 0.0, 0.0, 0.0, 1.0, 0.0, 0.0
MH170272/2007/USA/GA/Chatham/SW03/unknown/Mosquito-Culex, 0.0, 0.0, 0.0, 0.0, 0.0, 0.0, 0.0, 0.0, 0.0, 0.0, 0.0, 0.0, 0.0, 0.0, 0.0, 0.0, 0.0, 0.0, 0.0, 0.0, 1.0, 0.0, 0.0, 0.0, 0.0, 0.0, 0.0, 0.0, 0.0, 0.0, 0.0, 0.0, 0.0, 0.0, 0.0, 0.0
NODE_0000051, 0.05696536217371207, 0.0021507939523157335, 0.00588411459521639, 0.010841779249462039, 0.0010909856412865196, 0.0014092043074495175, 0.03438174366127917, 0.00124259615318332, 0.0009546155685724235, 0.0009709114940082584, 0.0012469395551814974, 0.0012828883781701344, 0.0012727850279031859, 0.000986434183725584, 0.001250816730480813, 0.000999750416466973, 0.0011896740521487458, 0.0015008179786546601, 0.0009665204001442578, 0.0011066083331950202, 0.006126303041443489, 0.001017995083358733, 0.003917728952422819, 0.0012280535199618663, 0.0011080690482963736, 0.0009997504164669792, 0.0009665204001442721, 0.0012891672687203753, 0.004677685888226679, 0.8263193632768018, 0.0012127686239272546, 0.0011874675062072185, 0.01679992602830518, 0.0024554652087105037, 0.0012269209313105175, 0.001771472953139454
KX547387/2006/USA/NY/Chautauqua/SW03/unknown/Mosquito-Aedes, 0.0, 0.0, 0.0, 0.0, 0.0, 0.0, 0.0, 0.0, 0.0, 0.0, 0.0, 0.0, 0.0, 0.0, 0.0, 0.0, 0.0, 0.0, 0.0, 0.0, 0.0, 0.0, 0.0, 0.0, 0.0, 0.0, 0.0, 0.0, 0.0, 1.0, 0.0, 0.0, 0.0, 0.0, 0.0, 0.0
NODE_0000052, 0.030269113847993086, 0.006917748880280403, 0.00954490109019161, 0.149544812551747, 0.0067416317936664786, 0.007842339447186406, 0.025442401094930536, 0.007208335942201263, 0.006423810314750465, 0.006470142692838302, 0.007290175574135796, 0.0073940503969774415, 0.007363585141845423, 0.006532337793563066, 0.007294103642469681, 0.006576858265706653, 0.0071424928375161826, 0.008082408690926546, 0.0064646982359418915, 0.006666501930043068, 0.009218181195080905, 0.006621713081801853, 0.009533360637593797, 0.007205728493070811, 0.006894394544819736, 0.00657685826570668, 0.006464698235941987, 0.00737464673053926, 0.008046519718387764, 0.33522165344019245, 0.007079253335130955, 0.007058367125253968, 0.23328722267900512, 0.007459190483006118, 0.007175417403648044, 0.007570344465909328
JX015523/2010/USA/TX/El-Paso/SW03/unknown/Mosquito-Culex, 0.0, 0.0, 0.0, 0.0, 0.0, 0.0, 0.0, 0.0, 0.0, 0.0, 0.0, 0.0, 0.0, 0.0, 0.0, 0.0, 0.0, 0.0, 0.0, 0.0, 0.0, 0.0, 0.0, 0.0, 0.0, 0.0, 0.0, 0.0, 0.0, 0.0, 0.0, 0.0, 1.0, 0.0, 0.0, 0.0
NODE_0000053, 0.0003638808620335173, 0.0002547131726292068, 0.00027056105585239617, 0.9879662148892562, 0.0002516564044423084, 0.00025886516265748226, 0.0003300723863937105, 0.00024995424557357145, 0.00025287270268708003, 0.00025256713894507955, 0.00025077067322499483, 0.0002512952794007482, 0.00025101944796073893, 0.00025339481441611234, 0.0002503522737161319, 0.0002532700270584837, 0.0002526023956839944, 0.0002602339632686589, 0.000253037001386021, 0.0002511798748590181, 0.0002622309013337105, 0.0002524043192849688, 0.00025911595052598765, 0.00025572932398058965, 0.0002516265997125701, 0.00025327002705848625, 0.0002530370013860222, 0.00024994330303547624, 0.00025985110961983547, 0.0017980882511256114, 0.00025101052077962203, 0.00025229771029318344, 0.0016667991502048824, 0.00025551190672023, 0.00024970257422481665, 0.00025086757926877183
W084/2015/USA/CA/San-Diego/SW03/unknown/bird, 0.0, 0.0, 0.0, 1.0, 0.0, 0.0, 0.0, 0.0, 0.0, 0.0, 0.0, 0.0, 0.0, 0.0, 0.0, 0.0, 0.0, 0.0, 0.0, 0.0, 0.0, 0.0, 0.0, 0.0, 0.0, 0.0, 0.0, 0.0, 0.0, 0.0, 0.0, 0.0, 0.0, 0.0, 0.0, 0.0
NODE_0000054, 1.158423973797392e-05, 1.0161215901597322e-05, 1.0181326642046884e-05, 0.9995933909835507, 9.952651832309573e-06, 9.830722999066704e-06, 9.397293176601658e-06, 9.639118866869788e-06, 1.0164210199466063e-05, 1.01229564456333e-05, 9.645477280118746e-06, 9.62600787521508e-06, 9.62522406832697e-06, 1.0142728521753336e-05, 9.622223353151645e-06, 1.0114117506378685e-05, 9.818319010669207e-06, 9.801934469715966e-06, 1.0154166488199335e-05, 9.947282340008339e-06, 9.94344482151126e-06, 1.0044211965973227e-05, 9.321157064386094e-06, 9.94508879542189e-06, 9.875015412275383e-06, 1.0114117506378824e-05, 1.0154166488199366e-05, 9.564237020420824e-06, 1.0204458558715206e-05, 4.0794908287287e-05, 9.75484075535449e-06, 9.831605128554864e-06, 3.832966744393877e-05, 9.979743323082062e-06, 9.641128540870205e-06, 9.580008621946517e-06
W541/2014/USA/CA/San-Diego/SW03/unknown/Bird-crow, 0.0, 0.0, 0.0, 1.0, 0.0, 0.0, 0.0, 0.0, 0.0, 0.0, 0.0, 0.0, 0.0, 0.0, 0.0, 0.0, 0.0, 0.0, 0.0, 0.0, 0.0, 0.0, 0.0, 0.0, 0.0, 0.0, 0.0, 0.0, 0.0, 0.0, 0.0, 0.0, 0.0, 0.0, 0.0, 0.0
W562/2015/USA/CA/San-Diego/SW03/unknown/Bird-crow, 0.0, 0.0, 0.0, 1.0, 0.0, 0.0, 0.0, 0.0, 0.0, 0.0, 0.0, 0.0, 0.0, 0.0, 0.0, 0.0, 0.0, 0.0, 0.0, 0.0, 0.0, 0.0, 0.0, 0.0, 0.0, 0.0, 0.0, 0.0, 0.0, 0.0, 0.0, 0.0, 0.0, 0.0, 0.0, 0.0
NODE_0000056, 0.6908969652116332, 0.015557273073878573, 0.05468222655451734, 0.0031466153907637262, 0.0021027783979022043, 0.002103583491433, 0.007528359049442087, 0.0019214842802812227, 0.0016977377636484018, 0.0017116013370678013, 0.0019438751067910385, 0.001973908718096434, 0.0019650625805112468, 0.0017298637169245901, 0.0019453900049330982, 0.0017415981766151472, 0.001905599930426577, 0.0021771864731834284, 0.0017097086956370552, 0.0017687695098608056, 0.0025466652862334003, 0.001754911223785078, 0.0026350158746034557, 0.0019216074673144817, 0.0018321490561220867, 0.0017415981766151529, 0.0017097086956370585, 0.0019692046500678164, 0.050368352742144566, 0.11969026376728334, 0.0018865246077398728, 0.0018790627962133432, 0.003906428380079341, 0.0020078627290920858, 0.0019117312481250282, 0.002029325835396929
KR348986/2007/USA/CA/Kern/SW03/unknown/Mosquito-Culex, 1.0, 0.0, 0.0, 0.0, 0.0, 0.0, 0.0, 0.0, 0.0, 0.0, 0.0, 0.0, 0.0, 0.0, 0.0, 0.0, 0.0, 0.0, 0.0, 0.0, 0.0, 0.0, 0.0, 0.0, 0.0, 0.0, 0.0, 0.0, 0.0, 0.0, 0.0, 0.0, 0.0, 0.0, 0.0, 0.0
W663/2009/USA/CA/Sacramento/SW03/unknown/Mosquito-Culex, 0.0, 0.0, 1.0, 0.0, 0.0, 0.0, 0.0, 0.0, 0.0, 0.0, 0.0, 0.0, 0.0, 0.0, 0.0, 0.0, 0.0, 0.0, 0.0, 0.0, 0.0, 0.0, 0.0, 0.0, 0.0, 0.0, 0.0, 0.0, 0.0, 0.0, 0.0, 0.0, 0.0, 0.0, 0.0, 0.0
NODE_0000058, 0.671035304950983, 0.04744093220966161, 0.018697497755006284, 0.002332375344673341, 0.0020486573516070375, 0.0020530596291468846, 0.003735567992785294, 0.001941952487827016, 0.0018815852680972088, 0.0018847174404784818, 0.001954836013435666, 0.0019678172257626835, 0.0019633668028014597, 0.0018958085818930879, 0.0019532596388805923, 0.0018987244742817697, 0.0019521320847348891, 0.0020859482101072673, 0.0018866980850803642, 0.0018931549070070378, 0.0021338759522599856, 0.0018986662108792082, 0.0021971329631059774, 0.0019715515453721465, 0.001920955639754578, 0.0018987244742817726, 0.0018866980850803616, 0.00195909811282154, 0.16500069733273479, 0.034340436704156214, 0.0019349381565978224, 0.0019392224435693095, 0.0025235129209599375, 0.0019776659181902204, 0.0019374875328631261, 0.0019759395531223334
HM756677/2005/USA/NM/Unknown/SW03/unknown/Bird-other, 0.0, 0.0, 0.0, 0.0, 0.0, 0.0, 0.0, 0.0, 0.0, 0.0, 0.0, 0.0, 0.0, 0.0, 0.0, 0.0, 0.0, 0.0, 0.0, 0.0, 0.0, 0.0, 0.0, 0.0, 0.0, 0.0, 0.0, 0.0, 1.0, 0.0, 0.0, 0.0, 0.0, 0.0, 0.0, 0.0
NODE_0000059, 0.7533232034483719, 0.14106588175298834, 0.0062274131374863585, 0.0015358920362791688, 0.0014674688882142396, 0.0014313975465898915, 0.0016362433411841015, 0.0013914891093406048, 0.0014411306294374335, 0.0014369162803939026, 0.0013945092085786831, 0.001394352933637112, 0.0013935739330804963, 0.001441047898724145, 0.00139167372686712, 0.0014380692707227445, 0.0014133716802327962, 0.0014333123418717746, 0.0014408406374287529, 0.0014177634929070965, 0.0014542564296879436, 0.0014301211168804271, 0.0013972382310186106, 0.0014301622240033619, 0.001414594285185081, 0.0014380692707227439, 0.0014408406374287507, 0.0013860806516796294, 0.045460485260189344, 0.009443783219747426, 0.0014032432153023348, 0.0014124758380570368, 0.0015563450257747894, 0.0014353853245665663, 0.0013910397322627703, 0.0013903282431565204
W182/2007/USA/CA/Kings/SW03/unknown/Mosquito-Culex, 0.0, 1.0, 0.0, 0.0, 0.0, 0.0, 0.0, 0.0, 0.0, 0.0, 0.0, 0.0, 0.0, 0.0, 0.0, 0.0, 0.0, 0.0, 0.0, 0.0, 0.0, 0.0, 0.0, 0.0, 0.0, 0.0, 0.0, 0.0, 0.0, 0.0, 0.0, 0.0, 0.0, 0.0, 0.0, 0.0
W390/2007/USA/CA/Kern/SW03/unknown/Mosquito-Culex, 0.9999999999999999, 0.0, 0.0, 0.0, 0.0, 0.0, 0.0, 0.0, 0.0, 0.0, 0.0, 0.0, 0.0, 0.0, 0.0, 0.0, 0.0, 0.0, 0.0, 0.0, 0.0, 0.0, 0.0, 0.0, 0.0, 0.0, 0.0, 0.0, 0.0, 0.0, 0.0, 0.0, 0.0, 0.0, 0.0, 0.0
